{
  "CR_deWaard": 0.02400720678269863,
  "inhibitor_efficiency": 0.01727515086531639,
  "inhib_mean": 0.008671944960951805,
  "delta_T_detente": 0.0066171493381261826,
  "T_mean": 0.002319322433322668,
  "aggressivity_index": 0.0017839777283370495,
  "BSW_mean": 0.0017315599834546447,
  "sable_ppm": 0.0008426526328548789,
  "H2S_ppm": 0.0006235088803805411,
  "T_aval": 0.0004776999121531844,
  "pCO2_bar": 0.00043167773401364684,
  "dP_filtre": 0.00029130023904144764,
  "P_mean": 0.000274466845439747,
  "CO2_pct": 0.00024846201995387673,
  "debit_vol": 0.00024258990015368909,
  "P_aval": 0.00022690166952088475,
  "filter_fouling": 5.9978396166116e-05,
  "velocity_ms": 5.1361672376515344e-05,
  "erosion_ratio": 1.0037706488219555e-05
}
