{
  "CR_deWaard": 0.023825975134968758,
  "inhibitor_efficiency": 0.016345977783203125,
  "inhib_mean": 0.010015588253736496,
  "delta_T_detente": 0.006868594326078892,
  "T_mean": 0.002922921674326062,
  "aggressivity_index": 0.0020832971204072237,
  "BSW_mean": 0.001976849278435111,
  "sable_ppm": 0.0008517180685885251,
  "H2S_ppm": 0.0006318737287074327,
  "T_aval": 0.0005324548692442477,
  "pCO2_bar": 0.0005240250611677766,
  "dP_filtre": 0.0003095117281191051,
  "CO2_pct": 0.0003047458303626627,
  "debit_vol": 0.0001393445418216288,
  "P_aval": 0.00012210944260004908,
  "P_mean": 0.00011413290485506877,
  "filter_fouling": 5.052188134868629e-05,
  "velocity_ms": 2.785327706078533e-05,
  "erosion_ratio": 1.427726419933606e-05
}