{
  "inhibiteur": 0.11910048127174377,
  "co2_severity": 0.11810122430324554,
  "temperature": 0.10420992225408554,
  "vitesse_fluide": 0.014970066957175732,
  "pco2": 0.007396731525659561,
  "flow_pressure_ratio": 0.0042471131309866905,
  "pression": 0.002764987526461482,
  "pH": 0.0025087259709835052,
  "epaisseur_paroi": 0.002403850667178631,
  "concentration_cl": 0.002297112951055169,
  "age_pipeline": 0.0020266196224838495,
  "teneur_eau": 0.0018425907474011183,
  "cl_water_index": 0.001601469935849309
}